formatted_date,MCD,SBUX,GOOG,AMZN,MSFT,JPM,BAC,C,MAR,HLT,RCL,V,MA,PYPL
1/1/2016,,54.35396194,742.9500122,587,49.85348892,50.4249382,12.57301044,36.89780426,57.75418854,35.19284058,74.23529816,71.57437134,85.82262421,36.13999939
2/1/2016,100.6710434,52.06424332,697.7700195,552.5200195,46.04366684,48.0330658,11.13253975,33.70710754,64.22891235,41.06160736,67.36064911,69.55657959,83.95656586,38.13999939
3/1/2016,108.7822113,53.57144165,744.9500122,593.6400146,50.33903122,50.52432251,12.02171803,36.22321701,67.33662415,44.49988556,74.79000854,73.63147736,91.2781601,38.59999847
4/1/2016,109.4833069,50.45764542,693.0100098,659.5900269,45.45370483,53.91991043,12.99572945,40.15354538,66.3054657,43.71604919,70.4655838,74.36314392,93.68325806,39.18000031
5/1/2016,105.6489258,,735.7199707,722.789978,48.30651474,56.09822464,13.20101929,40.44788742,62.47415543,41.19815445,70.4564743,75.99984741,92.81732941,37.79000092
6/1/2016,104.1601791,51.43562317,692.0999756,715.6199951,46.9647789,53.40805817,11.84432411,36.81739426,63.15316772,44.81190109,61.4311409,71.53395844,85.22934723,36.50999832
7/1/2016,102.580368,52.27307129,768.789978,758.8099976,52.0219574,54.98090744,12.97712231,38.0507164,68.13241577,46.12463379,66.27062225,75.27605438,92.17852783,37.24000168
8/1/2016,100.8452682,50.63419342,767.0499878,769.1599731,52.73785782,58.46649551,14.45484734,41.6144104,67.78083801,47.47714996,65.05389404,78.02475739,93.72569275,37.15000153
9/1/2016,101.365387,48.92197037,777.289978,837.3099976,53.19585037,57.67826843,14.0812397,41.16985321,63.97988129,45.73887634,68.5668335,79.89920044,98.71118164,40.97000122
10/1/2016,98.91384125,47.95510101,784.539978,789.8200073,55.33847046,59.99094772,,42.8434906,65.56291962,45.08062363,70.79895782,79.7156601,103.8033981,41.65999985
11/1/2016,104.8010483,52.38282776,758.039978,750.5700073,55.65246582,69.94567108,19.00292587,49.15451813,75.18263245,50.00759125,74.57516479,74.70140839,99.31468201,39.27999878
12/1/2016,107.7855453,50.40135193,771.8200073,749.8699951,57.77640915,75.28514862,19.95846558,51.97577667,79.21261597,54.42261887,75.56064606,75.53634644,100.3350372,39.47000122
1/1/2017,108.5382233,50.12900925,796.789978,823.4799805,60.11016083,73.83686066,20.44613838,48.8273201,81.05207825,56.14418793,86.73071289,80.077034,103.3281021,39.77999878
2/1/2017,113.0366745,51.62689209,823.210022,845.039978,59.48719788,79.50040436,22.28845787,52.3081131,83.34185791,55.77366638,89.01869965,85.14054108,107.5639038,42
3/1/2017,115.6170654,53.24560928,829.5599976,886.539978,61.60642242,77.06150818,21.30407906,52.46663666,90.53902435,57.00224304,90.8806076,86.20470428,109.521225,43.02000046
4/1/2017,124.8229141,54.76847076,905.960022,924.9899902,64.03849792,76.32458496,21.14256096,51.85268021,90.7697525,57.65221024,99.23514557,88.48425293,113.2702866,47.72000122
5/1/2017,134.5996552,58.0057106,964.8599854,994.6199951,65.32939148,72.48383331,20.30011559,53.23986053,103.4882736,64.98461914,102.5678177,92.37398529,119.8936081,52.20999908
6/1/2017,136.6245728,53.39168549,908.7299805,968,64.8477478,80.64542389,22.04811287,58.81535339,96.73903656,60.61371231,102.1273727,91.1288681,118.4983673,53.66999817
7/1/2017,139.2583313,49.42691422,930.5,987.7800293,68.39447021,80.99836731,21.92088318,60.19602585,100.4809113,61.28012466,105.7176819,96.7454834,124.6940231,58.54999924
8/1/2017,143.5939026,50.23269272,939.3300171,980.5999756,70.34186554,80.63653564,21.7118454,59.82669449,99.8926239,63.04413986,116.3670425,100.5935364,130.2977448,61.68000031
9/1/2017,141.4750977,49.40169525,959.1099854,961.3499756,70.45183563,84.73537445,23.14744759,64.26498413,106.6901703,68.2263031,110.8319855,102.4296036,138.0197754,64.02999878
10/1/2017,150.712326,50.44105911,1016.640015,1105.280029,78.67073822,89.26004028,25.02006531,64.93643188,115.6116486,71.00644684,116.3259964,107.0430069,145.4192505,72.55999756
11/1/2017,155.2812805,53.18201447,1021.409973,1176.75,79.60704803,93.27097321,25.73257828,66.70340729,122.8881836,76.19341278,116.4293747,109.5832977,147.309082,75.73000336
12/1/2017,156.3432312,53.10313416,1046.400024,1169.469971,81.30910492,95.43051147,27.08068085,66.02308655,131.6806793,78.6135788,112.1060333,111.1717606,148.1803741,73.62000275
1/1/2018,155.4530792,52.52985382,1169.939941,1450.890015,90.31069946,103.2209473,29.35575676,69.63435364,142.9442902,84.31320953,126.115715,121.1267242,165.4497986,85.31999969
2/1/2018,143.281311,52.79799271,1104.72998,1512.449951,89.13201904,103.6061554,29.44748688,66.98135376,136.9971924,79.52906799,119.5526047,119.8689423,172.3386993,79.41000366
3/1/2018,142.9446259,53.81881714,1031.790039,1447.339966,87.16320801,98.64564514,27.51184654,60.13489532,,77.53075409,111.1858215,116.8349075,171.7503967,75.87000275
4/1/2018,153.0544281,53.52132416,1017.330017,1566.130005,89.31197357,97.57816315,27.55062103,60.82087326,132.9112701,77.75386047,102.6750565,123.9258881,174.7998505,74.61000061
5/1/2018,146.2627716,52.68460846,1084.98999,1629.619995,94.39259338,96.47719574,26.74030685,59.4132843,131.6276855,79.59812164,99.62867737,127.676506,186.6846466,82.06999969
6/1/2018,143.2280121,45.6520462,1115.650024,1699.800049,94.58113098,93.94378662,26.06367683,59.90031052,123.4696732,78.2110672,98.31903076,129.5740662,192.9690247,83.26999664
7/1/2018,144.9197235,48.96030426,1217.26001,1777.439941,101.7459412,103.6356812,28.55076981,64.34896851,124.6790085,77.71705627,107.6272278,133.7709503,194.422287,82.13999939
8/1/2018,149.2340393,49.95090485,1218.189941,2012.709961,107.7405701,103.863472,28.59700394,63.76716232,123.3428879,76.68952179,117.0002213,143.7005615,211.931427,92.33000183
9/1/2018,154.8493652,53.48879242,1193.469971,2003,110.1193771,102.2862167,27.23788261,64.61947632,129.1885986,79.96765137,124.0252075,147.0517731,218.8627167,87.83999634
10/1/2018,163.7446747,54.83448029,1076.77002,1598.01001,102.8403473,98.82350159,25.54862976,58.96279907,114.3744354,70.4542923,100.4987717,135.0595398,194.3425446,84.19000244
11/1/2018,174.491272,62.78627777,1094.430054,1690.170044,106.7687073,101.4963684,,58.35930634,112.5544586,74.78035736,108.5018387,138.8414154,197.9142456,85.80999756
12/1/2018,165.3785095,60.92845154,1035.609985,1501.969971,98.21755981,89.10939789,22.89156914,47.21556854,106.5988541,71.22437286,93.8391571,129.5012817,185.6891479,84.08999634
1/1/2019,166.5054169,64.46684265,1116.369995,1718.72998,100.9831619,94.47676849,26.5976162,58.461689,112.4610138,73.88288116,115.9694366,132.5145416,207.8163147,88.76000214
2/1/2019,171.2180023,66.4725647,1119.920044,1639.829956,108.3323288,96.03542328,27.16749763,58.02635193,123.0069885,82.43377686,114.4528198,145.3822174,221.6247101,98.06999969
3/1/2019,177.9879456,70.69968414,1173.310059,1780.75,114.5343323,93.1550827,25.90709305,56.82684708,123.2282791,82.59207916,110.7240143,153.5706329,232.1552734,103.8399963
4/1/2019,185.1768341,73.87611389,1188.47998,1926.52002,126.8287506,106.7929306,28.71470833,64.57180023,134.3896637,86.44789886,117.5181046,161.6724396,250.6823578,112.7699966
5/1/2019,185.8329163,72.33544922,1103.630005,1775.069946,120.1085663,98.25390625,24.97748184,56.76291275,122.9820099,88.88263702,118.3149109,158.6244202,248.3171234,109.75
6/1/2019,195.7737427,80.09482574,1080.910034,1893.630005,130.5732727,103.6691818,27.23108482,64.37158203,138.7232056,97.28673553,117.7804642,170.9019165,261.1925964,114.4599991
7/1/2019,198.6585846,90.4709549,1216.680054,1866.780029,132.8248901,107.5637283,28.96427917,65.41027832,137.5069427,96.10224915,113.7019272,175.2840271,268.8349609,110.4000015
8/1/2019,205.4936218,92.25762177,1188.099976,1776.290039,134.3746643,102.5914764,25.9715519,59.15052795,124.6521378,91.94163513,101.91539,178.0610199,278.1573792,109.0500031
9/1/2019,203.490509,84.80052185,1219,1735.910034,135.9663391,109.9034348,27.53872108,63.97569656,123.4344025,92.82728577,105.8735657,169.629837,268.4693909,103.5899963
10/1/2019,186.4216156,81.09853363,1260.109985,1776.660034,140.2107086,116.6550827,29.71585655,66.55029297,125.5979996,96.66559601,107.1015778,176.3850403,273.6495056,104.0999985
11/1/2019,184.3175964,81.93291473,1304.959961,1800.800049,148.04422,124.0281982,31.66396904,69.56941986,139.3041077,104.6811752,118.1138535,181.9568634,289.2441101,108.0100021
12/1/2019,188.4842987,84.74249268,1337.02002,1847.839966,154.7497253,131.2198639,33.46953964,74.51580811,150.8252258,110.7400665,131.3896027,185.610321,295.5391235,108.1699982
1/1/2020,204.0888062,81.76416016,1434.22998,2008.719971,167.0453186,124.5929947,31.36865044,69.40444946,139.5006409,107.6348343,115.9292679,196.5454559,312.711853,113.8899994
2/1/2020,185.2031708,75.59546661,1339.329956,1883.75,158.9791107,109.9982147,27.23138809,59.58349991,123.5047836,97.05107117,79.61968231,179.5451508,287.6676331,107.9899979
3/1/2020,158.7010345,63.65940094,1162.810059,1949.719971,155.1822815,85.29101563,20.28499794,39.54706955,74.80999756,68.23999786,31.85381126,159.3871613,239.4108276,95.73999786
4/1/2020,180.0179138,74.30158997,1348.660034,2474,176.3376617,90.71941376,23.12609673,45.59368134,90.94000244,75.70999908,46.77000046,176.7978668,272.5235901,123
5/1/2020,178.8277893,75.52171326,1428.920044,2442.370117,180.3129272,93.14577484,23.19340706,44.98338699,88.5,79.30999756,51.86999893,193.1402283,298.6741333,155.0099945
6/1/2020,178.2326355,71.66368103,1413.609985,2758.820068,200.8058777,90.03484344,22.83761978,48.48775864,85.73000336,73.44999695,50.29999924,191.4124603,293.5223694,174.2299957
7/1/2020,187.7109528,74.5267334,1482.959961,3164.679932,202.285965,92.50444031,24.09105873,47.45348358,83.83000183,75.05000305,48.70999908,188.6676483,306.2578735,196.0700073
8/1/2020,206.3003998,82.25888824,1634.180054,3450.959961,222.5332947,96.83705139,24.92378998,48.9979744,102.9100037,90.36000061,68.83999634,210.0612183,356.026947,204.1399994
9/1/2020,213.3092346,84.12607574,1469.599976,3148.72998,208.0369568,93.04823303,23.32611084,41.32047653,92.58000183,85.31999969,64.73000336,198.4501343,336.1278687,197.0299988
10/1/2020,207.0019836,85.14437103,1621.01001,3036.149902,200.262619,94.75900269,23.10833931,39.70062637,92.87999725,87.80999756,56.41999817,180.3289185,286.8969727,186.1300049
11/1/2020,211.3169556,95.97344208,1760.73999,3168.040039,211.7361755,114.9922791,27.4569931,53.43819427,126.8700027,103.6299973,78.80999756,208.7512512,334.8674011,214.1199951
12/1/2020,209.7769623,105.2403107,1751.880005,3256.929932,220.571106,123.9571457,29.55331993,59.83292389,131.9199982,111.2600021,74.69000244,217.3946075,355.1976318,234.1999969
1/1/2021,203.1878204,95.23569489,1835.73999,3206.199951,230.0317993,125.5179596,29.08997917,56.2716713,116.3099976,101.3899994,65,192.0701752,314.7460632,234.3099976
2/1/2021,201.5258789,106.2732315,2036.859985,3092.929932,230.4483185,144.5986786,34.05440903,64.47280884,148.0700073,123.6800003,93.26999664,211.0933228,352.5690918,259.8500061
3/1/2021,220.4712067,107.9506912,2068.629883,3094.080078,234.3486328,149.5702667,37.95923615,71.19606781,148.1100006,120.9199982,85.61000061,210.7640381,354.7610779,242.8399963
4/1/2021,232.2157593,113.1076736,2410.120117,3467.419922,250.6596985,151.1226654,39.96198654,69.71832275,148.5200043,128.6999969,86.94999695,232.4944458,380.6769409,262.2900085
5/1/2021,230.061615,112.5050354,2411.560059,3223.070068,248.1747589,162.3208466,41.79592133,77.56448364,143.5800018,125.2699966,93.26999664,226.2630157,359.7012329,260.019989
6/1/2021,228.4639587,110.8995285,2506.320068,3440.159912,269.8886108,153.7225037,40.6521759,69.72033691,136.5200043,120.6200027,85.27999878,233.0913544,364.2002258,291.480011
7/1/2021,240.0557861,120.4411926,2704.419922,3327.590088,,150.0064545,37.98161316,66.63588715,145.9799957,131.4499969,76.87000275,245.6221771,384.9994202,275.5299988
8/1/2021,234.863205,116.5332718,2909.23999,3470.790039,300.7529602,158.9919281,41.33817291,71.39259338,135.1399994,124.8600006,82.73000336,228.3860626,345.7931213,288.6600037
9/1/2021,239.7806702,109.8364029,2665.310059,3285.040039,281.4051819,162.7095337,42.03126907,69.6750412,148.0899963,132.1100006,88.94999695,222.358551,347.241272,260.2099915
10/1/2021,244.1961975,105.6146088,2965.409912,3372.429932,331.0144043,168.8723907,47.55112839,68.66238403,160.0200043,143.9499969,84.43000031,211.3978577,335.0965881,232.5899963
11/1/2021,243.2514343,109.169281,2849.040039,3507.070068,329.9862976,158.8300018,44.25698471,63.70000076,147.5599976,135.0700073,69.81999969,193.4294891,314.9200134,184.8899994
